{
  "width": 10,
  "height": 10,
  "tileWidth": 32,
  "tileHeight": 32,
  "animationSpeed": 1,  
  "tiles": [
    [
      [1, 1, 1, 1, 1, 1, 1, 1, 1, 1,1,1,1,1,1,1,1,1,1,1,1,1,1,1,1],
      [1, 0, 0, 0, 0, 0, 0, 0, 0, 0,0,0,0,0,0,0,0,0,0,0,0,0,0,0,0],
      [1, 0, 0, 0, 0, 0, 0, 0, 0, 0,0,0,0,0,0,0,0,0,0,0,0,0,0,0,0],
      [1, 0, 0, 0, 0, 0, 0, 0, 0, 0,0,0,0,0,0,0,0,0,0,0,0,0,0,0,0],
      [1, 0, 0, 0, 0, 0, 0, 0, 0, 0,0,0,0,0,0,0,0,0,0,0,0,0,0,0,0],
      [1, 0, 0, 0, 0, 0, 0, 0, 0, 0,1,0,0,0,0,0,0,0,0,0,0,0,0,0,1],
      [1, 0, 0, 0, 0, 0, 0, 0, 0, 0,0,0,0,0,0,0,0,0,0,0,0,0,0,0,1],
      [1, 0, 0, 0, 0, 0, 0, 0, 0, 0,1,0,0,0,0,0,0,0,0,0,0,0,0,0,1],
      [1, 0, 0, 0, 0, 0, 0, 0, 0, 0,0,0,0,0,0,0,0,0,0,0,0,0,0,0,1],
      [1, 0, 0, 0, 0, 0, 0, 0, 0, 0,0,0,0,0,0,0,0,0,0,0,0,0,0,0,1],
      [1, 0, 0, 0, 0, 0, 0, 0, 0, 0,0,0,0,0,0,0,0,0,0,0,0,0,0,0,1],
      [1, 0, 0, 0, 0, 0, 0, 0, 0, 0,0,0,0,0,0,0,0,0,0,0,0,0,0,0,1],
      [1, 0, 0, 0, 0, 0, 0, 0, 0, 0,0,0,0,0,0,0,0,0,0,0,0,0,0,0,1],
      [1, 0, 0, 0, 0, 0, 0, 0, 0, 0,0,0,0,0,0,0,0,0,0,0,0,0,0,0,1],
      [1, 0, 0, 0, 0, 0, 0, 0, 0, 0,0,0,0,0,0,0,0,0,0,0,0,0,0,0,1],
      [1, 0, 0, 0, 0, 0, 0, 0, 0, 0,0,0,0,0,0,0,0,0,0,0,0,0,0,0,1],
      [1, 0, 0, 0, 0, 0, 0, 0, 0, 0,0,0,0,0,0,0,0,0,0,0,0,0,0,0,1],
      [1, 0, 0, 0, 0, 0, 0, 0, 0, 0,0,0,0,0,0,0,0,0,0,0,0,0,0,0,1],
      [1, 0, 0, 0, 0, 0, 0, 0, 0, 0,0,0,0,0,0,0,0,0,0,0,0,0,0,0,1],
      [1, 0, 0, 0, 0, 0, 0, 0, 0, 0,0,0,0,0,0,0,0,0,0,0,0,0,0,0,1],
      [1, 0, 0, 0, 0, 0, 0, 0, 0, 0,0,0,0,0,0,0,0,0,0,0,0,0,0,0,1],
      [1, 0, 0, 0, 0, 0, 0, 0, 0, 0,0,0,0,0,0,0,0,0,0,0,0,0,0,0,1],
      [1, 0, 0, 0, 0, 0, 0, 0, 0, 0,0,0,0,0,0,0,0,0,0,0,0,0,0,0,1],
      [1, 0, 0, 0, 0, 0, 0, 0, 0, 0,0,0,0,0,0,0,0,0,0,0,0,0,0,0,1],
      [1, 1, 1, 1, 1, 1, 1, 1, 1, 1,1,1,1,1,1,1,1,1,1,1,1,1,1,1,1]
    ],[
      [1, 1, 1, 1, 1, 1, 1, 1, 1, 1,1,1,1,1,1,1,1,1,1,1,1,1,1,1,1],
      [1,1, 0, 0, 0, 0, 0, 0, 0, 0,0,0,0,0,0,0,0,0,0,0,0,0,0,0,0],
      [1,1, 0, 0, 0, 0, 0, 0, 0, 0,0,0,0,0,0,0,0,0,0,0,0,0,0,0,0],
      [1, 1, 0, 0, 0, 0, 0, 0, 0, 0,0,0,0,0,0,0,0,0,0,0,0,0,0,0,0],
      [1, 1, 0, 0, 0, 0, 0, 0, 0, 0,0,0,0,0,0,0,0,0,0,0,0,0,0,0,0],
      [1, 1, 0, 0, 0, 0, 0, 0, 0, 0,1,0,0,0,0,0,0,0,0,0,0,0,0,0,1],
      [1, 1, 0, 0, 0, 0, 0, 0, 0, 0,0,0,0,0,0,0,0,0,0,0,0,0,0,0,1],
      [1, 1, 0, 0, 0, 0, 0, 0, 0, 0,1,0,0,0,0,0,0,0,0,0,0,0,0,0,1],
      [1, 0, 0, 0, 0, 0, 0, 0, 0, 0,0,0,0,0,0,0,0,0,0,0,0,0,0,0,1],
      [1, 0, 0, 0, 0, 0, 0, 0, 0, 0,0,0,0,0,0,0,0,0,0,0,0,0,0,0,1],
      [1, 0, 0, 0, 0, 0, 0, 0, 0, 0,0,0,0,0,0,0,0,0,0,0,0,0,0,0,1],
      [1, 0, 0, 0, 0, 0, 0, 0, 0, 0,0,0,0,0,0,0,0,0,0,0,0,0,0,0,1],
      [1, 0, 0, 0, 0, 1, 0, 0, 0, 0,0,0,0,0,0,0,0,0,0,0,0,0,0,0,1],
      [1, 0, 0, 0, 0, 1, 0, 0, 0, 0,0,0,0,0,0,0,0,0,0,0,0,0,0,0,1],
      [1, 0, 0, 0, 0, 1, 0, 0, 0, 0,0,0,0,0,0,0,0,0,0,0,0,0,0,0,1],
      [1, 1, 0, 0, 0, 1, 0, 0, 0, 0,0,0,0,0,0,0,0,0,0,0,0,0,0,0,1],
      [1, 0, 0, 0, 0, 1, 0, 0, 0, 0,0,0,0,0,0,0,0,0,0,0,0,0,0,0,1],
      [1, 1, 0, 0, 0, 1, 0, 0, 0, 0,0,0,0,0,0,0,0,0,0,0,0,0,0,0,1],
      [1, 1, 1, 1, 0, 1, 0, 0, 0, 0,0,0,0,0,0,0,0,0,0,0,0,0,0,0,1],
      [1, 1, 1, 0, 1, 1, 0, 0, 0, 0,0,0,0,0,0,0,0,0,0,0,0,0,0,0,1],
      [1, 1, 1, 1, 1, 1, 0, 0, 0, 0,0,0,0,0,0,0,0,0,0,0,0,0,0,0,1],
      [1, 1, 1, 1, 1, 1, 0, 0, 0, 0,0,0,0,0,0,0,0,0,0,0,0,0,0,0,1],
      [1, 1, 1, 1, 1, 1, 0, 0, 0, 0,0,0,0,0,0,0,0,0,0,0,0,0,0,0,1],
      [1, 1, 1, 1, 1, 1, 1, 0, 0, 0,0,0,0,0,0,0,0,0,0,0,0,0,0,0,1],
      [1, 1, 1, 1, 1, 1, 1, 1, 1, 1,1,1,1,1,1,1,1,1,1,1,1,1,1,1,1]
    ]
  ],
  "tileset": {
    "0": {"type": "color", "value": "#333333", "collision": false, "name": "Open Space"},
    "1": {"type": "color", "value": "#ffffff", "collision": true, "name": "Wall"},
    "2": {"type": "color", "value": "green", "collision": false, "name": "Safe Zone"}
  }
}
